FECHA Y HORA,ID CLIENTE,CLIENTE,SUCURSAL,CATEGORÍA DE EVALUACIÓN,Tipo de Proyecto,NOMBRE,Ubicación,Planificación - Estado,Planificación - Horas,Recopilación de Datos - Estado,Recopilación de Datos - Horas,Generación de informe - Estado,Generación de informe - Horas,Q PLANTEADO,ID PRUEBA,LINK ACCESO,FY,Horas Totales
2025-12-22 09:32:33,425653,ADJ SRL,Sinsacate,Granos,Cosechadora - S7,Ag. Demo - S7 Automation,SmartFarm 2026,Completado,0.5,Completado,8.0,Completado,0.5,Q2,17762.0,https://agronomyanalyzer.deere.com/trials/4111/locations/17762/reports/ac41f0d0-e894-4623-b9b9-c73e85925cfd,26,9.0
2025-12-22 12:34:25,324409,De Giorgio SA,Sinsacate,Granos,Cosechadora - S7,Ag. Demo - S7 Automation,SmartFarm 2026,Completado,2.0,Completado,6.0,Completado,1.0,Q2,18265.0,https://agronomyanalyzer.deere.com/trials/4111/locations/18265/reports/05477011-b93d-4885-a519-f370854b8f15,26,9.0
2025-12-22 13:39:56,408834,DEFRANCISCO BUTELER MARCELO,Sinsacate,Granos,Grain Sensing,S7 - Grain Sensing,SmartFarm 2026,No Iniciado,0.0,No Iniciado,0.0,No Iniciado,0.0,Q1,,,27,0.0
2025-12-22 19:23:47,308408,H&H OUTFITTERS SA,Córdoba,Granos,Sembradora PLA,Sembradora PLA STP G,SmartFarm 2026,Completado,1.5,Completado,4.0,Completado,0.5,Q2,16516.0,https://agronomyanalyzer.deere.com/trials/3050/locations/16516/reports/54897ec7-a029-40de-b152-849c33339965,26,6.0
2026-01-28 13:13:12,425003,Silajes Sacanta,Arroyito,Ganadería,Picadora 8000,Demostración SPFH 8000,SmartFarm 2026,Completado,2.0,Completado,4.0,Completado,4.0,Q3,16819.0,https://agronomyanalyzer.deere.com/trials/3266/locations/16819/reports/5f322ef4-9eeb-4caa-a284-41e0a3aeb2b1,26,10.0
2026-01-29 17:15:38,369276,LUCAS DOMINGUEZ,Sinsacate,Granos,Cosechadora - S7,Ag. Demo - S7 Automation,SmartFarm 2026,Completado,1.0,Completado,2.0,Completado,1.5,Q2,18228.0,https://agronomyanalyzer.deere.com/trials/4111/locations/18228/reports/48da651a-3988-4967-967d-6988b1070c3b,26,4.5
2026-01-29 17:28:03,277958,MAIFER SRL,Sinsacate,Granos,Guiado Avanzado,Autopath,SmartFarm 2026,No Iniciado,0.0,No Iniciado,0.0,No Iniciado,0.0,Q3,,,27,0.0
2026-02-18 13:26:04,330434,Silajes Cordes,Arroyito,Ganadería,HarvestLab 3000,HarvestLab 3000 - Earlage,SmartFarm 2026,No Iniciado,0.0,No Iniciado,0.0,No Iniciado,0.0,Q2,,,27,0.0
2026-02-18 15:18:37,358632,LA MATILDE SRL ,Santa Rosa,Granos,Cosechadora - S7,Ag. Demo - S7 Automation,SmartFarm 2026,Completado,1.0,Completado,2.0,Completado,1.0,Q2,17074.0,https://agronomyanalyzer.deere.com/trials/4111/locations/17074/reports/4bd3538e-0a61-4cae-9385-f458f1c8c6b0,26,4.0
2026-02-25 15:56:56,577944,ROJAS WALTER DAMIAN,Sinsacate,Granos,Cosechadora - S7,Ag. Demo - S7 Automation,SmartFarm 2026,Completado,1.0,Completado,12.0,Completado,1.0,Q2,17175.0,https://agronomyanalyzer.deere.com/trials/4111/locations/17175/reports/f472e625-b536-48f5-bb81-9b70d3ba9b9c,26,14.0
2026-02-27 12:11:14,445775,Rogelio y Javier Garino,Córdoba,Granos,Cosechadora - S7,Ag. Demo - S7 Automation (soja),SmartFarm 2026,Completado,1.0,Completado,3.0,Completado,2.0,Q2,17202.0,https://agronomyanalyzer.deere.com/trials/4111/locations/17202/reports/48b377e1-9d2a-4fd4-9b5e-1b1176b7d53d,26,6.0
2026-06-11 11:13:00,408834,DEFRANCISCO BUTELER MARCELO,Sinsacate,Granos,Guiado Avanzado,Ag. Demo - Tractores,Sinsacate,No Iniciado,0.0,No Iniciado,0.0,No Iniciado,0.0,Q2,,,27,0.0
2026-06-11 11:13:00,277958,MAIFER SRL,Sinsacate,Granos,Guiado Avanzado,Ag. Demo - Tractores,SmartFarm 2026,No Iniciado,0.0,No Iniciado,0.0,No Iniciado,0.0,Q2,,,27,0.0
2026-06-11 11:13:00,3487841,FONDOMONTE,Córdoba,Ganadería,PUK,PUK,SmartFarm 2026,En Proceso,12.0,No Iniciado,0.0,No Iniciado,0.0,Q2,,,26,12.0
2026-06-11 11:13:00,509737,MAHUEN SA,Córdoba,Granos,Cosechadora - S7,Ag. Demo - S7 Automation,SmartFarm 2026,Completado,1.0,Completado,5.0,Completado,5.0,Q3,19265.0,https://agronomyanalyzer.deere.com/trials/4111/locations/19265/reports/78a488dc-cda9-48a4-8b6a-73f996df5036,26,11.0
2026-06-11 11:13:00,277858,TEREPINO SA,Córdoba,Granos,Pulve M4000,Ag. Demo - M4000 PWM vs Convencional,SmartFarm 2026,Completado,1.0,Completado,10.0,Completado,2.0,Q3,19391.0,https://agronomyanalyzer.deere.com/trials/1007/locations/19391/reports/f765a776-7cd9-4875-9f42-04cb3e69641f,26,13.0
2026-06-11 11:13:00,4106081,DON TOMASITO SRL,Pilar,Granos,Guiado Avanzado,Ag. Demo - Tractores,SmartFarm 2026,No Iniciado,0.0,No Iniciado,0.0,No Iniciado,0.0,Q1,,,27,0.0
2026-06-11 11:13:00,277858,TEREPINO SA,Córdoba,Granos,Pulve M4000,Ag. Demo - M4000 Compensacion curvas,SmartFarm 2026,Completado,1.0,Completado,10.0,Completado,2.0,Q3,19439.0,https://agronomyanalyzer.deere.com/trials/1007/locations/19439/reports/3101ce33-ec4e-403a-9eaf-d310ced027b3,26,13.0
2026-06-11 11:13:00,330434,Silajes Cordes,Arroyito,Ganadería,Sembradora JD,Sembradora JD,SmartFarm 2026,No Iniciado,0.0,No Iniciado,0.0,No Iniciado,0.0,Q4,,,26,0.0
2026-06-11 11:13:00,495864,Luis María Rodriguez,Sinsacate,Granos,Sembradora JD,MaxEmerge,SmartFarm 2026,No Iniciado,0.0,No Iniciado,0.0,No Iniciado,0.0,Q1,,,27,0.0
2026-06-11 11:13:00,371070,Establecimiento Las Delicias,Córdoba,Cultivos de Alto Valor,Guiado Avanzado,Guiado Avanzado,SmartFarm 2026,No Iniciado,0.0,No Iniciado,0.0,No Iniciado,0.0,Q2,,,27,0.0
2026-06-11 11:13:00,587263,Gianagro SAS,Córdoba,Cultivos de Alto Valor,Guiado Avanzado,Guiado Avanzado,SmartFarm 2026,No Iniciado,0.0,No Iniciado,0.0,No Iniciado,0.0,Q2,,,27,0.0
2026-06-11 11:13:00,423003,TAVOLINI SERGIO BENEDICTO FRANCISCO,Pilar,Ganadería,Rotoenfardadora,Rotoenfardadora,SmartFarm 2026,No Iniciado,0.0,No Iniciado,0.0,No Iniciado,0.0,Q2,,,27,0.0
2026-06-11 11:13:00,324409,De Giorgio SA,Sinsacate,Granos,Rotoenfardadora,Rotoenfardadora,Sinsacate,No Iniciado,0.0,No Iniciado,0.0,No Iniciado,0.0,Q4,,,27,0.0
2026-06-11 11:13:00,277858,TEREPINO SA,Córdoba,Granos,Guiado Avanzado,Autopath,SmartFarm 2026,No Iniciado,0.0,No Iniciado,0.0,No Iniciado,0.0,Q4,,,27,0.0
2026-06-11 11:13:00,445544,OSVALDO FABRO,Pilar,Granos,Cosechadora - S7,Ag. Demo - S7 Automation,SmartFarm 2026,Completado,1.0,Completado,4.0,Completado,5.0,Q3,19229.0,https://agronomyanalyzer.deere.com/trials/4111/locations/19229/reports/292183de-7c84-4985-bfff-9f4f8acfdce9,26,10.0
2026-06-11 11:13:00,406172,MADARO SRL,Córdoba,Granos,Cosechadora - S7,Ag. Demo - S7 Automation (trigo),SmartFarm 2026,No Iniciado,0.0,No Iniciado,0.0,No Iniciado,0.0,Q1,,,27,0.0
2026-06-11 11:13:00,277699,LA SOLEDAD SA,Sinsacate,Granos,Cosechadora - S7,Ag. Demo - S7 Automation,SmartFarm 2026,Completado,1.0,Completado,2.5,Completado,0.5,Q3,19754.0,https://agronomyanalyzer.deere.com/trials/4111/locations/19754/reports/a238612a-3954-4154-a70c-8536592b8088,26,4.0
2026-06-11 11:13:00,307424,ESTEBAN AMBROSINO E HIJOS SA,Sinsacate,Granos,Cosechadora - S7,Ag. Demo - S7 Automation,SmartFarm 2026,Completado,0.5,Completado,3.0,Completado,1.0,Q4,19774.0,https://agronomyanalyzer.deere.com/trials/4111/locations/19774/reports/81985599-407c-4ff2-9342-dffed0cf2ff1,26,4.5
2026-06-11 11:13:00,408834,DEFRANCISCO BUTELER MARCELO,Sinsacate,Granos,Cosechadora - S7,Ag. Demo - S7 Automation,SmartFarm 2026,Completado,1.0,Completado,3.0,Completado,1.0,Q3,18463.0,https://agronomyanalyzer.deere.com/trials/4111/locations/18463/reports/feb0e6b7-12b7-4a99-8392-82513bf8023c,26,5.0
2026-06-11 11:13:00,472248,La Laica SRL,Pilar,Granos,Cosechadora - S7,Ag. Demo - S7 Automation (trigo),Pilar,No Iniciado,0.0,No Iniciado,0.0,No Iniciado,0.0,Q1,,,27,0.0
2026-06-11 11:13:00,445775,Rogelio y Javier Garino,Córdoba,Granos,Cosechadora - S7,Ag. Demo - S7 Automation (maíz),SmartFarm 2026,Completado,1.0,Completado,5.0,Completado,5.0,Q3,19227.0,https://agronomyanalyzer.deere.com/trials/4111/locations/19227/reports/d77d5419-e823-4d95-9826-d0e41ed05127,26,11.0
2026-06-11 11:13:00,554758,MARCELO REY ,Santa Rosa,Granos,Guiado Avanzado,Autopath,Santa Rosa,No Iniciado,0.0,No Iniciado,0.0,No Iniciado,0.0,Q4,,,27,0.0
2026-02-25 15:56:56,577944,ROJAS WALTER DAMIAN,Sinsacate,Granos,Pulve 440R,See & Spray,Sinsacate,No Iniciado,0.0,No Iniciado,0.0,No Iniciado,0.0,Q2,,,27,0.0
2026-06-11 11:13:00,408834,DEFRANCISCO BUTELER MARCELO,Sinsacate,Granos,Pulve Caimán,Pulve Competencia,Sinsacate,No Iniciado,0.0,No Iniciado,0.0,No Iniciado,0.0,Q4,,,26,0.0
2026-06-11 11:13:00,450652,PAGAN HNOS,Pilar,Granos,Pulve M4000,Ag. Demo - M4000 Compensacion curvas,Sinsacate,Completado,1.0,Completado,4.0,Completado,3.0,Q4,19932.0,https://agronomyanalyzer.deere.com/trials/2535/locations/19932/reports/9be97b95-04cb-419c-ab6c-981364c53e6a,26,8.0
2026-06-11 11:13:00,277699,LA SOLEDAD SA,Sinsacate,Granos,Pulve M4000,Ag. Demo - M4000 PWM vs Convencional,Sinsacate,Completado,1.0,Completado,5.0,Completado,3.0,Q4,19764.0,https://agronomyanalyzer.deere.com/trials/1007/locations/19764/reports/bf96cc8c-b6a0-4d91-b569-f1620b913482,26,9.0
2026-06-11 11:13:00,2671521,ZAMORA EDGAR EDUARDO,Sinsacate,Granos,Cosechadora - S7,Ag. Demo - S7 Automation (trigo),Sinsacate,No Iniciado,0.0,No Iniciado,0.0,No Iniciado,0.0,Q1,,,27,0.0
2026-06-11 11:13:00,444715,MARINOZZI LUCAS MARTIN,Córdoba,Granos,Cosechadora - S7,Ag. Demo - S7 Automation (trigo),Sinsacate,No Iniciado,0.0,No Iniciado,0.0,No Iniciado,0.0,Q1,,,27,0.0
2026-06-11 11:13:00,443951,LAHERS SA,Córdoba,Ganadería,Cosechadora - S7,Ag. Demo - S7 Automation (trigo),Sinsacate,No Iniciado,0.0,No Iniciado,0.0,No Iniciado,0.0,Q1,,,27,0.0
2026-06-11 11:13:00,308408,H&H OUTFITTERS SA,Córdoba,Granos,Cosechadora - S7,Ag. Demo - S7 Automation (trigo),Sinsacate,No Iniciado,0.0,No Iniciado,0.0,No Iniciado,0.0,Q1,,,27,0.0
2026-06-11 11:13:00,2754901,LOS ALGARROBOSGRANDES SRL,Arroyito,Ganadería,Rotoenfardadora,Rotoenfardadora,Arroyito,No Iniciado,0.0,No Iniciado,0.0,No Iniciado,0.0,Q2,,,27,0.0
2026-06-11 11:13:00,573387,EL PRADO SA,Arroyito,Ganadería,Picadora 8000,HarvestLab 3000,Arroyito,No Iniciado,0.0,No Iniciado,0.0,No Iniciado,0.0,Q1,,,27,0.0
2026-06-11 11:13:00,2754901,LOS ALGARROBOSGRANDES SRL,Arroyito,Ganadería,Guiado Avanzado,Guiado Avanzado,Arroyito,No Iniciado,0.0,No Iniciado,0.0,No Iniciado,0.0,Q1,,,27,0.0
2026-06-11 11:13:00,324409,De Giorgio SA,Sinsacate,Granos,Cosechadora - S7,Ag. Demo - S7 Automation (trigo),Sinsacate,No Iniciado,0.0,No Iniciado,0.0,No Iniciado,0.0,Q1,,,27,0.0
2026-06-11 11:13:00,495864,Luis María Rodriguez,Sinsacate,Granos,Sembradora JD,ExactEmerge,Sinsacate,No Iniciado,0.0,No Iniciado,0.0,No Iniciado,0.0,Q1,,,27,0.0
2026-06-11 11:13:00,444715,MARINOZZI LUCAS MARTIN,Córdoba,Granos,Sembradora PLA,PLA STP,Córdoba,No Iniciado,0.0,No Iniciado,0.0,No Iniciado,0.0,Q1,,,27,0.0
2026-06-11 11:13:00,3487841,FONDOMONTE,Córdoba,Cultivos de Alto Valor,Pulve 440R,See & Spray,Córdoba,No Iniciado,0.0,No Iniciado,0.0,No Iniciado,0.0,Q3,,,27,0.0
2026-06-11 11:13:00,579120,TRANSPORTE EL AGUILA SA,Sinsacate,Granos,Pulve M4000,ExactApply,Sinsacate,No Iniciado,0.0,No Iniciado,0.0,No Iniciado,0.0,Q3,,,27,0.0
,450652,PAGAN HNOS,Pilar,Granos,Guiado Avanzado,Ag. Demo - Tractores,Pilar,No Iniciado,0.0,No Iniciado,0.0,No Iniciado,0.0,Q1,,,27,0.0
,385734,COLETTA,Pilar,Granos,Cosechadora - S7,Ag. Demo - S7 Automation (trigo),Pilar,No Iniciado,0.0,No Iniciado,0.0,No Iniciado,0.0,Q1,,,27,0.0
,450652,PAGAN HNOS,Pilar,Granos,AutoPath,Autopath,Pilar,No Iniciado,0.0,No Iniciado,0.0,No Iniciado,0.0,Q3,,,27,0.0
,410201,AGROPECUARIA LAS MARÍAS SA,Sinsacate,Granos,Sembradora JD,DB40,Sinsacate,No Iniciado,0.0,No Iniciado,0.0,No Iniciado,0.0,Q1,,,27,0.0
